int_dis,health_acc_flag,health2_acc_flag,health2_Monday_flag,health_acc_flag_std,health2_acc_flag_std,health2_Monday_flag_std,food_acc_flag,food2_acc_flag,food2_Monday_flag,food_acc_flag_std,food2_acc_flag_std,food2_Monday_flag_std,grocery_acc_flag,grocery2_acc_flag,grocery2_Monday_flag,grocery_acc_flag_std,grocery2_acc_flag_std,grocery2_Monday_flag_std,city


0,3.8506493506493507,3.74025974025974,3.564935064935065,1.0402517765398667,1.0652269377114343,1.113936226776249,4.194805194805195,4.103896103896104,4.0064935064935066,0.9293888783997254,0.9577262777651965,1.0129666083493383,4.0064935064935066,4.038961038961039,3.909090909090909,0.9734834241432884,0.9625885368539215,1.0563448904733872,Atlanta
10,3.4640883977900554,3.430939226519337,3.3591160220994474,1.3683253645436573,1.3791840186853876,1.3817409681741204,3.6740331491712706,3.6353591160220993,3.6408839779005526,1.196680491566161,1.2381296415190552,1.2239677250727008,3.734806629834254,3.696132596685083,3.696132596685083,1.2411256499915357,1.269924085258817,1.2478588168398248,Atlanta
20,3.0105820105820107,3.005291005291005,3.0105820105820107,1.5158363255460248,1.5522713436896083,1.5743604510005516,3.0105820105820107,2.994708994708995,3.0105820105820107,1.3760466731531802,1.4273072195249439,1.4695107667194716,3.074074074074074,3.037037037037037,3.0634920634920637,1.4197747854122347,1.4118434093236927,1.4897488279624198,Atlanta
30,2.3491124260355027,2.3905325443786984,2.5857988165680474,1.41506008383269,1.439710726713228,1.5603073513615444,2.2662721893491122,2.337278106508876,2.526627218934911,1.2559803405898338,1.3087961296936796,1.414487492401217,2.4023668639053253,2.3431952662721893,2.5384615384615383,1.3287997028612082,1.2958144032215824,1.3758114488755875,Atlanta
40,1.3017241379310345,1.3448275862068966,1.4827586206896552,1.151330629702239,1.2165771533343013,1.3415290343205537,1.1982758620689655,1.2241379310344827,1.4224137931034482,1.0062399021255741,1.0557190576264515,1.238167383985145,1.2758620689655173,1.25,1.4310344827586208,1.0598294111835147,1.0204432114655313,1.1513631839733696,Atlanta
50,0.6428571428571429,0.6428571428571429,0.7428571428571429,0.7620664942214077,0.7620664942214077,0.9276073989260991,0.5857142857142857,0.6142857142857143,0.7428571428571429,0.6914143694108066,0.7281673868494946,0.774329336474508,0.5857142857142857,0.5428571428571428,0.6,0.7516717049130383,0.6954451037569712,0.7302967433402215,Atlanta
60,0.23404255319148937,0.23404255319148937,0.2553191489361702,0.42797632794384316,0.42797632794384316,0.4875887926442767,0.23404255319148937,0.2553191489361702,0.2553191489361702,0.42797632794384316,0.4407545460261734,0.4875887926442767,0.3191489361702128,0.2765957446808511,0.2765957446808511,0.47118642939800764,0.45215078571752687,0.45215078571752687,Atlanta
70,0.047619047619047616,0.047619047619047616,0.047619047619047616,0.21821789023599236,0.21821789023599236,0.21821789023599236,0.0,0.0,0.047619047619047616,0.0,0.0,0.21821789023599236,0.0,0.0,0.09523809523809523,0.0,0.0,0.30079260375911915,Atlanta
0,3.545112781954887,3.338345864661654,2.5977443609022557,1.258868384650969,1.3082450756794153,1.4536338936149622,4.011278195488722,3.8684210526315788,3.199248120300752,1.0902071214215396,1.1726356973286514,1.4825269727719805,3.924812030075188,3.7706766917293235,3.206766917293233,1.1301965776609926,1.2084783480554486,1.5167341025770706,Baltimore
10,3.5153061224489797,3.556122448979592,3.4081632653061225,1.2948697224493937,1.3556768638906302,1.504432662084351,3.204081632653061,3.3214285714285716,3.2448979591836733,1.0950628940932503,1.1652005439804383,1.4575091114799579,3.239795918367347,3.4081632653061225,3.4846938775510203,1.1225648101597052,1.1665134084879196,1.3717929155832438,Baltimore
20,1.8,2.0210526315789474,2.568421052631579,1.0778228646951105,1.304484469529247,1.6285526244539663,1.5473684210526315,1.6,1.8842105263157896,0.7546793182937018,0.8042440616120818,1.3197610832682158,1.4842105263157894,1.5473684210526315,1.6210526315789473,0.7418085704595,0.7958458774752114,1.0332652989680393,Baltimore
30,0.68,0.7866666666666666,1.6266666666666667,0.7196095037156179,0.8897818337725892,1.7302814435443368,0.64,0.6533333333333333,1.44,0.5844840644719251,0.6258687655664819,1.6211440738281433,0.5733333333333334,0.6,1.0,0.4979236165597369,0.5452497568062706,0.9586025865388216,Baltimore
40,0.0,0.0,0.07894736842105263,0.0,0.0,0.2732763127330939,0.0,0.0,0.21052631578947367,0.0,0.0,0.41315495011227443,0.0,0.0,0.21052631578947367,0.0,0.0,0.41315495011227443,Baltimore
50,0.0,0.0,0.0,0.0,0.0,0.0,0.0,0.0,0.0,0.0,0.0,0.0,0.0,0.0,0.0,0.0,0.0,0.0,Baltimore
0,4.073015873015873,4.066666666666666,3.704761904761905,1.0209908933021121,1.027643398954139,1.2738712465097324,4.2,4.171428571428572,3.850793650793651,1.006981995297584,1.01696259559392,1.3065090618216064,4.180952380952381,4.14920634920635,3.806349206349206,1.0105899681435913,1.031335942703031,1.3487282303896533,Boston
10,3.38,3.405,3.57,1.0588701668055225,1.0708447799347813,1.380080836609903,3.15,3.195,3.36,0.8491793259601826,0.9116636733282354,1.2800753746651496,3.195,3.26,3.505,0.8722264009260213,0.9146490663488722,1.2759763234047279,Boston
20,1.9384615384615385,1.9307692307692308,2.0846153846153848,0.6559666061864152,0.6727066875080169,1.0713652478660685,1.823076923076923,1.8076923076923077,1.8,0.5632874796537245,0.5852999475675188,0.9351035261676447,1.8076923076923077,1.8846153846153846,1.9846153846153847,0.5719022229835691,0.6053330864060819,0.9316536551180445,Boston
30,1.2075471698113207,1.2075471698113207,1.3018867924528301,0.627184503349644,0.666328231905526,1.1404791186226648,1.1257861635220126,1.1257861635220126,1.2641509433962264,0.6338763442559914,0.6631545094106229,1.1770636614677383,1.1383647798742138,1.169811320754717,1.220125786163522,0.650977720567872,0.6183639824631916,1.0166201059264484,Boston
40,0.7142857142857143,0.7142857142857143,1.025974025974026,0.6459823783066431,0.6855106213838522,1.075737519027197,0.7272727272727273,0.7142857142857143,1.2597402597402598,0.6616638444574411,0.7044434693456668,1.370771943512481,0.6883116883116883,0.6753246753246753,1.0649350649350648,0.6541314100179811,0.6577785269886266,1.1509454047327026,Boston
50,0.16666666666666666,0.2708333333333333,0.5625,0.3766217885773547,0.4490928602896294,0.8227160519448126,0.22916666666666666,0.2916666666666667,0.8333333333333334,0.42474439539379416,0.4593396431851038,1.0585685503955446,0.2916666666666667,0.20833333333333334,0.6666666666666666,0.4593396431851038,0.4104140790860576,0.9748613285637492,Boston
60,0.0,0.03333333333333333,0.6666666666666666,0.0,0.18257418583505536,0.8840866447369845,0.0,0.06666666666666667,1.0333333333333334,0.0,0.2537081317024624,1.2994251602637363,0.0,0.06666666666666667,0.8333333333333334,0.0,0.2537081317024624,1.176884646541184,Boston
70,0.0,0.07142857142857142,1.0,0.0,0.2672612419124244,1.3587324409735149,0.0,0.0,1.3571428571428572,0.0,0.0,1.7805419597217222,0.0,0.0,1.2857142857142858,0.0,0.0,1.6837947722821909,Boston
80,0.0,0.0,1.8,0.0,0.0,1.4735767952260146,0.0,0.06666666666666667,2.6666666666666665,0.0,0.2581988897471611,1.7593288763724921,0.0,0.0,2.2,0.0,0.0,1.4735767952260144,Boston
90,0.0,0.0,1.2,0.0,0.0,1.0327955589886444,0.0,0.0,2.2,0.0,0.0,1.3165611772087666,0.0,0.0,1.6,0.0,0.0,0.9660917830792959,Boston
100,0.0,0.0,0.0,0.0,0.0,0.0,0.0,0.0,1.0,0.0,0.0,0.7071067811865476,0.0,0.0,0.8,0.0,0.0,0.4472135954999579,Boston
0,4.029629629629629,4.007407407407407,3.2617283950617284,1.0264381898272077,1.0423908373857602,1.2880417154353456,4.266666666666667,4.234567901234568,3.6666666666666665,0.9135937091215854,0.9263951872859253,1.2566653973083206,4.167901234567902,4.069135802469136,3.4592592592592593,0.9705856097556808,1.01237906933465,1.3262186416984794,Chicago
10,3.5948616600790513,3.5573122529644268,3.0770750988142295,1.2601639374069558,1.2888231984870826,1.5182024748843748,3.7786561264822134,3.7490118577075098,3.3616600790513833,1.0983421225422036,1.1196927672037638,1.4670075998734067,3.841897233201581,3.7786561264822134,3.324110671936759,1.091235813790613,1.1545943406313046,1.5056631378755259,Chicago
20,3.140740740740741,3.1148148148148147,3.248148148148148,1.4564966010573615,1.5002363391764815,1.752718625507534,3.0407407407407407,3.1,3.2037037037037037,1.2049338655159076,1.26769996332966,1.619808029720214,3.1296296296296298,3.1666666666666665,3.240740740740741,1.2322539009645048,1.312649354221281,1.626170555639595,Chicago
30,2.314754098360656,2.3344262295081966,2.9245901639344263,1.3928667032954967,1.4070879370059446,1.8719409904196926,2.095081967213115,2.180327868852459,2.6688524590163936,1.2061282975840342,1.273569847046599,1.6677613603671653,2.1672131147540985,2.2557377049180327,2.7508196721311475,1.246669419666938,1.320452049559356,1.7158915657468585,Chicago
40,1.5197132616487454,1.5627240143369177,2.2114695340501793,1.1310553692992305,1.1608920065604975,1.6430837141467822,1.3512544802867383,1.4193548387096775,1.9103942652329748,0.9321921655796,1.003475048119148,1.4303491758515052,1.4121863799283154,1.4516129032258065,1.960573476702509,0.9811140458137184,1.0407122184156041,1.4844109703630837,Chicago
50,1.004566210045662,1.0410958904109588,1.8036529680365296,0.6095397338237125,0.6376207818171021,1.0372800477040918,0.9041095890410958,0.9360730593607306,1.4794520547945205,0.5201724368725632,0.5380265623496746,0.9052789479536919,0.9178082191780822,0.9406392694063926,1.547945205479452,0.5181147367934961,0.5511801787619128,0.9913538498938631,Chicago
60,0.49074074074074076,0.5092592592592593,1.1481481481481481,0.5022448740055658,0.5205204148253106,0.9253927159760797,0.4537037037037037,0.5,0.9351851851851852,0.5001730403235746,0.5023310149673528,0.7397037566681254,0.4722222222222222,0.5,1.037037037037037,0.501555213709073,0.5023310149673528,0.8194587446171141,Chicago
70,0.03636363636363636,0.05454545454545454,0.14545454545454545,0.18891859540615819,0.22918388365077622,0.3558079911965534,0.01818181818181818,0.01818181818181818,0.12727272727272726,0.13483997249264842,0.13483997249264842,0.33634998607300864,0.01818181818181818,0.03636363636363636,0.2545454545454545,0.13483997249264842,0.18891859540615819,0.5517038194331307,Chicago
80,0.0,0.0,0.0,0.0,0.0,0.0,0.0,0.0,0.0,0.0,0.0,0.0,0.0,0.0,0.0,0.0,0.0,0.0,Chicago
90,0.0,0.0,0.0,0.0,0.0,0.0,0.0,0.0,0.0,0.0,0.0,0.0,0.0,0.0,0.0,0.0,0.0,0.0,Chicago
100,0.0,0.0,0.0,0.0,0.0,0.0,0.0,0.0,0.0,0.0,0.0,0.0,0.0,0.0,0.0,0.0,0.0,0.0,Chicago
0,4.4363636363636365,4.327272727272727,4.209090909090909,0.77254818117936,0.8139730503968241,0.8683576668235714,4.590909090909091,4.4818181818181815,4.336363636363636,0.694611693324949,0.7749734317058067,0.8158664300564642,4.490909090909091,4.427272727272728,4.3090909090909095,0.7510903944603091,0.7951584102645916,0.8211141965462592,Charlotte
10,3.3863636363636362,3.409090909090909,3.5,1.0675485742401845,1.171900951019622,1.2509538345531408,3.303030303030303,3.4242424242424243,3.507575757575758,0.9566113374736437,1.0493270262208239,1.2324877846271527,3.462121212121212,3.522727272727273,3.6515151515151514,1.0144400405556204,1.044548984749206,1.1589996244777963,Charlotte
20,2.018867924528302,2.047169811320755,2.188679245283019,0.8278616410220077,1.0177667004789326,1.3388922752439782,2.009433962264151,2.009433962264151,2.0660377358490565,0.8105880642368223,0.9102096359145896,1.2744288575076121,2.0377358490566038,2.1132075471698113,2.207547169811321,0.8386443516815504,0.876364293865026,1.1768964928559673,Charlotte
30,1.1685393258426966,1.247191011235955,1.4943820224719102,0.7573271638433383,0.8826728375225454,1.2533917212690784,1.1348314606741574,1.2247191011235956,1.3820224719101124,0.7414821035656016,0.8083767262624643,1.1432173297871402,1.1685393258426966,1.2359550561797752,1.348314606741573,0.7266979342480956,0.7541170621406497,1.0455655667835038,Charlotte
40,0.4146341463414634,0.43902439024390244,0.7073170731707317,0.6699108058576739,0.6726358780129438,1.0546066195274992,0.4146341463414634,0.4146341463414634,0.7560975609756098,0.6314906870294115,0.6699108058576739,1.0435633139603475,0.36585365853658536,0.4146341463414634,0.6097560975609756,0.6227398156925414,0.6699108058576739,0.9969465577574308,Charlotte
50,0.2647058823529412,0.38235294117647056,0.7647058823529411,0.44781107551989907,0.4932702180563817,0.6988659007542696,0.29411764705882354,0.4117647058823529,0.9705882352941176,0.46249729006288026,0.49955416843564227,0.8343131494664032,0.38235294117647056,0.35294117647058826,0.8235294117647058,0.4932702180563817,0.485071250072666,0.7576114073608448,Charlotte
60,0.13043478260869565,0.13043478260869565,0.6521739130434783,0.34435022157509093,0.34435022157509093,0.714059817469728,0.13043478260869565,0.21739130434782608,0.8695652173913043,0.34435022157509093,0.42174116783664994,0.9678630550241251,0.17391304347826086,0.13043478260869565,0.782608695652174,0.38755338788158983,0.34435022157509093,0.9023465237988441,Charlotte
0,1.8465909090909092,1.7045454545454546,1.1931818181818181,1.0552127870595702,1.0103361919575191,0.94243398611352,2.778409090909091,2.6306818181818183,1.8465909090909092,1.34452956094678,1.2806121709821172,1.2577938839672633,2.8693181818181817,2.852272727272727,2.0738636363636362,1.3732013028619716,1.3568010505999364,1.3353218397017315,Detroit
10,3.2464589235127477,3.13314447592068,2.7138810198300285,1.326690681278377,1.33648773252172,1.3442871368342582,3.7393767705382435,3.688385269121813,3.226628895184136,1.1580040907172786,1.1746885220658694,1.294513870217474,3.8073654390934846,3.71671388101983,3.314447592067989,1.154168396334609,1.1452364137904194,1.3143615773105888,Detroit
20,3.6344827586206896,3.6310344827586207,3.5310344827586206,1.4755858286673766,1.4945352469390465,1.5319217973742951,3.7448275862068967,3.8,3.786206896551724,1.3115368324618988,1.3237254756739019,1.424871544730757,3.7413793103448274,3.7379310344827585,3.717241379310345,1.2774372163769891,1.346638463336259,1.4680139740614233,Detroit
30,3.176470588235294,3.2450980392156863,3.5,1.385439872215599,1.396238962918773,1.440101255334418,2.700980392156863,2.799019607843137,3.2058823529411766,1.1591567427632217,1.167625277129173,1.381355337113438,2.5833333333333335,2.656862745098039,3.1323529411764706,1.0257361488034986,1.1446607520247756,1.3306290793230384,Detroit
40,1.6666666666666667,1.7291666666666667,2.2916666666666665,0.9911892555667042,0.9891960230054633,1.1780149821821513,1.2395833333333333,1.2291666666666667,1.7291666666666667,0.5937355723085499,0.5890074910910756,0.9676794452565014,1.1770833333333333,1.2083333333333333,1.5729166666666667,0.5230435559334508,0.5603883365303908,0.8914186406972072,Detroit
50,0.29310344827586204,0.29310344827586204,0.6206896551724138,0.45916096973528975,0.45916096973528975,0.6708880265004239,0.3448275862068966,0.3275862068965517,0.39655172413793105,0.4794633014853842,0.4734320764739994,0.5278109434395227,0.3620689655172414,0.3275862068965517,0.25862068965517243,0.4847960635468176,0.4734320764739994,0.44170105106485397,Detroit
60,0.020833333333333332,0.041666666666666664,0.3333333333333333,0.14433756729740643,0.20194093652345882,0.6302087912488812,0.0625,0.08333333333333333,0.2916666666666667,0.24462302739504083,0.2793101938654641,0.5819385554072728,0.041666666666666664,0.08333333333333333,0.14583333333333334,0.20194093652345882,0.2793101938654641,0.3566739576374165,Detroit
70,0.0,0.0,0.06666666666666667,0.0,0.0,0.2537081317024624,0.0,0.0,0.06666666666666667,0.0,0.0,0.2537081317024624,0.0,0.0,0.1,0.0,0.0,0.30512857662936466,Detroit
80,0.0,0.0,0.0,0.0,0.0,0.0,0.0,0.0,0.14705882352941177,0.0,0.0,0.35949062795357095,0.0,0.0,0.5294117647058824,0.0,0.0,0.7064762801416988,Detroit
90,0.0,0.0,0.0,0.0,0.0,0.0,0.0,0.0,0.0,0.0,0.0,0.0,0.0,0.0,0.4444444444444444,0.0,0.0,0.7264831572567789,Detroit
0,3.664516129032258,3.567741935483871,3.2451612903225806,1.1297478132271,1.1397160436893843,1.3355379065344914,4.083870967741936,3.9806451612903224,3.6838709677419357,0.9531549710445723,1.0411717159542218,1.257470346192804,4.109677419354838,4.032258064516129,3.793548387096774,0.9157194456045108,1.0155885942203742,1.1881272735267177,Dallas
10,3.5682656826568264,3.4797047970479706,3.3653136531365315,1.356038736569578,1.3899618651626868,1.4591143284470787,3.8265682656826567,3.7675276752767526,3.6051660516605164,1.2425313297892022,1.277083255997729,1.3726869669963946,3.974169741697417,3.904059040590406,3.763837638376384,1.1495879909162332,1.1980007034180695,1.2691286145256269,Dallas
20,3.4651162790697674,3.4612403100775193,3.5,1.538337632397865,1.5633352592095657,1.6128134781105652,3.554263565891473,3.4844961240310077,3.5813953488372094,1.4438118458497387,1.484600569237217,1.5691464601875562,3.63953488372093,3.616279069767442,3.635658914728682,1.3884974161495154,1.4128532104187503,1.473173786024828,Dallas
30,2.617283950617284,2.662551440329218,2.9670781893004117,1.4074879554222506,1.4550130187526342,1.5716189283171174,2.6378600823045266,2.6090534979423867,2.847736625514403,1.3018291125156876,1.3481853158547874,1.4479484705342411,2.6090534979423867,2.6090534979423867,2.7242798353909463,1.246250711522011,1.2757433132328684,1.3914240712888197,Dallas
40,1.5798816568047338,1.6153846153846154,2.076923076923077,0.9855249919312289,1.0235326314383182,1.2100767390069584,1.6745562130177514,1.6272189349112427,2.106508875739645,1.060942392504958,1.0044981953200511,1.295787222200609,1.7041420118343196,1.7514792899408285,2.1893491124260356,1.0612411326448652,1.1221846523249988,1.4758791334932395,Dallas
50,0.75,0.75,1.2348484848484849,0.6224183321148822,0.6224183321148822,0.9559763682029866,1.0606060606060606,0.9848484848484849,1.6363636363636365,0.8266327886620713,0.761525673180962,1.1608941491530662,1.121212121212121,1.1363636363636365,1.9015151515151516,0.8291474793107522,0.8540226079272129,1.4134568554474622,Dallas
60,0.2857142857142857,0.2619047619047619,0.38095238095238093,0.4572299568592126,0.44500061986933037,0.5388506717613029,0.40476190476190477,0.3333333333333333,0.6904761904761905,0.5436786985838643,0.4771187236136979,0.9236221178016747,0.40476190476190477,0.40476190476190477,1.0238095238095237,0.5436786985838643,0.5436786985838643,1.2781101757557913,Dallas
70,0.0,0.0,0.0,0.0,0.0,0.0,0.0,0.0,0.0,0.0,0.0,0.0,0.0,0.0,0.14285714285714285,0.0,0.0,0.35856858280031806,Dallas
80,0.0,0.0,0.0,0.0,0.0,0.0,0.0,0.0,0.0,0.0,0.0,0.0,0.0,0.0,0.06666666666666667,0.0,0.0,0.2581988897471611,Dallas
90,0.0,0.0,0.0,0.0,0.0,0.0,0.0,0.0,0.125,0.0,0.0,0.3415650255319866,0.0,0.0,0.4375,0.0,0.0,0.6291528696058958,Dallas
0,4.269662921348314,4.219101123595506,4.112359550561798,0.8472493872255852,0.87802763099443,0.9735275974451716,4.46067415730337,4.466292134831461,4.421348314606742,0.7373211517360054,0.7376009087682552,0.7789565540001198,4.382022471910112,4.387640449438202,4.342696629213483,0.7517304778686084,0.7963646532546947,0.84404027542662,Denver
10,2.513793103448276,2.5,2.6,1.3700261755716865,1.3901532115407615,1.4427962086358483,2.462068965517241,2.4827586206896552,2.524137931034483,1.1588127181052699,1.1622877349884864,1.2145756011643747,2.5482758620689654,2.6310344827586207,2.7482758620689656,1.2586367892427959,1.2637077999486737,1.329234941300119,Denver
20,1.174757281553398,1.2912621359223302,1.6504854368932038,1.0330535781904757,1.1933727780847962,1.5192150828382043,0.8543689320388349,0.8737864077669902,0.941747572815534,0.7195827629611545,0.72327701484673,0.8143955140488403,0.9223300970873787,1.029126213592233,1.2427184466019416,0.7368363799053026,0.7977457293021607,0.944187786837581,Denver
30,0.14814814814814814,0.18518518518518517,0.37037037037037035,0.3620139928982457,0.3958473906635696,0.629294363562392,0.0,0.0,0.07407407407407407,0.0,0.0,0.2668802563418119,0.0,0.0,0.07407407407407407,0.0,0.0,0.2668802563418119,Denver
40,0.0,0.0,0.125,0.0,0.0,0.3415650255319866,0.0,0.0,0.0,0.0,0.0,0.0,0.0,0.0,0.0,0.0,0.0,0.0,Denver
0,4.447058823529412,4.405882352941177,4.405882352941177,0.6881220882616964,0.7174664400417254,0.7956766226630133,4.517647058823529,4.570588235294117,4.594117647058823,0.6456365091244266,0.613713795140683,0.6836818079191794,4.4941176470588236,4.435294117647059,4.458823529411765,0.6549498270998322,0.6784433771078652,0.7386688999963323,Houston
10,3.6590163934426227,3.6098360655737705,3.577049180327869,1.1188247254050736,1.1507584624179727,1.238684765479592,3.767213114754098,3.763934426229508,3.773770491803279,1.0235261083940548,1.0016487702003283,1.0689858756858646,3.8262295081967213,3.7704918032786887,3.7573770491803278,0.9763488711548495,1.0449351941462626,1.1003078242129154,Houston
20,2.7948717948717947,2.752136752136752,2.927350427350427,1.2258899651554647,1.2492468660323113,1.3032889350974546,2.8290598290598292,2.8034188034188032,2.8632478632478633,1.148169644645689,1.109764048999508,1.2388973562528005,2.8333333333333335,2.8803418803418803,2.97008547008547,1.1204306345628685,1.1840310369032137,1.240916521127027,Houston
30,1.6091954022988506,1.603448275862069,2.0114942528735633,0.9355697079107692,0.9666040041182105,1.2020623210408858,1.5862068965517242,1.5574712643678161,1.7816091954022988,0.8195829213928678,0.8007413016183612,1.1472539453735042,1.5402298850574712,1.6436781609195403,1.735632183908046,0.7181317717836143,0.8325323371213079,1.047537934969891,Houston
40,0.7058823529411765,0.6911764705882353,1.25,0.6243521664442552,0.6290801847468165,1.2622533747586309,0.6911764705882353,0.6911764705882353,0.8676470588235294,0.5533440521367503,0.5533440521367503,1.0207461678815901,0.6470588235294118,0.6911764705882353,0.9264705882352942,0.4814377064012164,0.5533440521367503,0.8863168206599285,Houston
50,0.17073170731707318,0.14634146341463414,0.43902439024390244,0.3809487514345101,0.3578390427102734,0.6343808196897538,0.17073170731707318,0.17073170731707318,0.6829268292682927,0.3809487514345102,0.3809487514345102,0.9601829094043465,0.0975609756097561,0.0975609756097561,0.4146341463414634,0.30040622902833486,0.30040622902833486,0.8653210316436775,Houston
60,0.13793103448275862,0.10344827586206896,0.27586206896551724,0.3509312031717982,0.30993404669460345,0.5275652785700641,0.034482758620689655,0.034482758620689655,0.2413793103448276,0.18569533817705186,0.18569533817705186,0.5109635445336238,0.0,0.034482758620689655,0.3103448275862069,0.0,0.18569533817705186,0.47082361543075835,Houston
70,0.0,0.0,0.12195121951219512,0.0,0.0,0.33129457822453967,0.0,0.0,1.0731707317073171,0.0,0.0,0.9052691285589889,0.0,0.0,0.5365853658536586,0.0,0.0,1.0511317942011305,Houston
80,0.0,0.0,0.0,0.0,0.0,0.0,0.0,0.0,0.14285714285714285,0.0,0.0,0.37796447300922725,0.0,0.0,0.42857142857142855,0.0,0.0,0.7867957924694432,Houston
0,3.1312217194570136,2.927601809954751,2.773755656108597,1.5885879523763269,1.585218122300347,1.6021119340157204,3.475113122171946,3.4434389140271495,3.253393665158371,1.444603000154125,1.462474531907758,1.5102828674714777,3.669683257918552,3.493212669683258,3.2895927601809953,1.3157902530903325,1.4448023126877385,1.5484098343849648,Las Vegas
10,2.7772727272727273,2.890909090909091,2.9909090909090907,1.552853263709592,1.6095914257686161,1.6329677414651629,2.459090909090909,2.5136363636363637,2.5,1.5299622733609628,1.5364061292853,1.614715435014189,2.286363636363636,2.4909090909090907,2.4954545454545456,1.4476545207531522,1.4819797603080278,1.542392517580965,Las Vegas
20,0.5333333333333333,0.6,0.8,0.6288102248298565,0.6746646676632054,0.7611243951073874,0.43333333333333335,0.4666666666666667,0.4666666666666667,0.6260623155792926,0.6288102248298565,0.6288102248298565,0.16666666666666666,0.26666666666666666,0.26666666666666666,0.3790490217894517,0.5208304597621879,0.5832922809856746,Las Vegas
30,0.0,0.0,0.0,0.0,0.0,0.0,0.0,0.0,0.0,0.0,0.0,0.0,0.0,0.0,0.0,0.0,0.0,0.0,Las Vegas
0,4.357707509881423,2.9782608695652173,1.883399209486166,0.7988295158970051,1.2481755950068594,1.106345830091907,4.478260869565218,4.243083003952569,3.883399209486166,0.7988368643050384,0.9534728503030475,1.1791258327358944,4.492094861660079,4.274703557312253,3.8537549407114624,0.7891195487824234,0.9406298769511119,1.204922137587657,Los Angeles
10,4.021186440677966,3.3983050847457625,2.4322033898305087,0.9140442820957915,1.2573281465219603,1.1783920689018264,3.98728813559322,3.8403954802259888,3.6737288135593222,0.909548276228222,1.1048079887611526,1.200913935284576,3.9548022598870056,3.8319209039548023,3.615819209039548,0.9123959104890842,1.1238689663051438,1.275103137997106,Los Angeles
20,3.0462519936204147,2.81658692185008,2.334928229665072,1.0155804555215666,1.731085596345085,1.6467923471940509,2.821371610845295,2.7527910685805423,2.7671451355661882,0.9806381344931275,1.2831437380294013,1.4062862006942396,2.7767145135566187,2.688995215311005,2.6762360446570974,0.9730719708941469,1.2641240808047132,1.4047363498409662,Los Angeles
30,1.7568134171907757,2.1865828092243187,2.10062893081761,0.7472503607682905,1.803587770110945,1.8770897661458958,1.6457023060796645,1.7127882599580713,1.8909853249475892,0.8661754166268059,1.2896256961476855,1.5491467134200547,1.6184486373165619,1.628930817610063,1.771488469601677,0.8507999843839682,1.2327130312739658,1.524376331478488,Los Angeles
40,0.7331081081081081,2.7263513513513513,3.0945945945945947,0.465470567587219,1.9819819386027016,2.1212015713448285,0.9324324324324325,1.5439189189189189,2.0033783783783785,0.733343050227827,1.2854189504396365,1.7456936085661043,0.8817567567567568,1.5067567567567568,2.0844594594594597,0.6761342923636724,1.2861537542670427,1.8178852619099857,Los Angeles
50,0.1095890410958904,2.684931506849315,3.1986301369863015,0.31345213947450273,2.1229563792927504,2.3682377065387055,0.22602739726027396,0.9315068493150684,1.4931506849315068,0.41969690122680897,0.9071177108468745,1.3858724394823534,0.1643835616438356,1.0068493150684932,1.7328767123287672,0.37189908271991856,0.9577025334908016,1.5943481897667666,Los Angeles
60,0.0,1.7096774193548387,2.596774193548387,0.0,1.8764030534045764,2.4791568993878,0.0,0.11290322580645161,0.43548387096774194,0.0,0.3190579735427824,0.6923698372538106,0.0,0.1774193548387097,0.6935483870967742,0.0,0.3851418111568988,0.8794318150331144,Los Angeles
70,0.0,1.8735632183908046,3.67816091954023,0.0,1.58337729788847,2.1212888407514945,0.0,0.0,0.21839080459770116,0.0,0.0,0.4155491563098284,0.0,0.0,0.4827586206896552,0.0,0.0,0.6623086641739906,Los Angeles
80,0.0,0.5333333333333333,4.466666666666667,0.0,0.5163977794943222,0.833809387832792,0.0,0.0,0.0,0.0,0.0,0.0,0.0,0.0,0.0,0.0,0.0,0.0,Los Angeles
0,3.462025316455696,3.5126582278481013,2.3797468354430378,1.4700235101433248,1.4876876503043832,1.6649538351194886,4.075949367088608,4.0,3.481012658227848,1.2846189739560927,1.3162386092320502,1.6844039902548675,3.7025316455696204,3.4873417721518987,2.6012658227848102,1.3892650014360508,1.3625441815878871,1.635357236797361,Miami
10,3.583756345177665,3.66497461928934,2.5380710659898478,1.0923388600738284,1.1154945935001395,1.2955269730040366,3.9390862944162435,3.964467005076142,3.5786802030456855,1.0431238297287306,1.0220808832054067,1.2897366778643347,3.8477157360406093,3.7411167512690353,3.1878172588832485,1.053254121906171,1.0780674184616548,1.3132969134060415,Miami
20,2.916279069767442,2.8930232558139535,2.0325581395348835,1.646992477463561,1.6498931357120448,1.705916166579821,3.046511627906977,3.1069767441860465,2.6325581395348836,1.490679584908897,1.4922534156322058,1.7534639855744978,3.158139534883721,3.186046511627907,2.66046511627907,1.5507358154192745,1.658394307777722,1.892204807887453,Miami
30,3.3043478260869565,3.25,2.9782608695652173,1.856021566014712,1.8315009157506865,1.9610395363345856,2.989130434782609,3.0,2.9456521739130435,1.6739409656335498,1.6903085094570327,1.9799219122951368,3.130434782608696,3.25,3.097826086956522,1.7429127527882229,1.7704845056129086,1.9837791806432867,Miami
40,3.7661290322580645,3.6693548387096775,3.8306451612903225,1.210448220199617,1.2010955310431581,1.4068460614244547,3.096774193548387,2.9838709677419355,3.379032258064516,0.9578036769381579,0.9015241923510308,1.4003062495207588,3.2419354838709675,3.4274193548387095,3.693548387096774,1.0620655419116203,1.141767187528462,1.4715592049165445,Miami
50,3.3902439024390243,3.2560975609756095,4.036585365853658,0.9129533889495459,0.9271085491835822,1.1805535628868884,2.451219512195122,2.3780487804878048,2.8780487804878048,0.6876770528360604,0.659970891659625,1.2609054546207343,2.6097560975609757,2.7804878048780486,3.6097560975609757,0.6805244448394845,0.7374361699752155,1.2546810874222987,Miami
60,2.8666666666666667,2.8333333333333335,4.15,0.9823297569616984,1.0278604842785048,1.4823824159502985,1.9166666666666667,1.8,2.4833333333333334,0.618682763281733,0.5763708787148328,1.3591082154276521,1.8333333333333333,2.1166666666666667,3.0833333333333335,0.6152487898779871,0.7385663314751767,1.4647457888619109,Miami
70,1.8541666666666667,1.8541666666666667,3.6041666666666665,0.5830799855110327,0.6184945116918239,1.162162022859071,1.1041666666666667,1.0416666666666667,1.4375,0.4247443953937941,0.3548049109337342,0.8481832901071686,1.0,1.1875,1.7083333333333333,0.3572948005052483,0.4906031893105692,0.9666422105001248,Miami
80,1.3333333333333333,1.3111111111111111,3.1555555555555554,0.5640760748177663,0.5568671386435102,1.2605113600792694,0.7555555555555555,0.7333333333333333,1.3333333333333333,0.4840903163082632,0.4472135954999579,1.0,0.7111111111111111,0.9333333333333333,1.8444444444444446,0.45836776730155243,0.44721359549995787,0.998989388321917,Miami
90,0.7671232876712328,0.7671232876712328,2.547945205479452,0.42558939344309715,0.42558939344309715,1.2138219699501396,0.6438356164383562,0.6027397260273972,1.3150684931506849,0.48217859225079873,0.49271712719135474,0.8640459145588004,0.684931506849315,0.6575342465753424,1.5753424657534247,0.46775801937323924,0.4778184825674966,0.9562340517069219,Miami
100,0.375,0.375,2.267857142857143,0.48850421045919723,0.48850421045919723,1.7108325610497517,0.32142857142857145,0.32142857142857145,1.3928571428571428,0.4712514425207865,0.4712514425207865,1.2746275238968146,0.26785714285714285,0.26785714285714285,1.2142857142857142,0.4468504500113261,0.4468504500113261,1.155450100638247,Miami
110,0.023809523809523808,0.023809523809523808,2.2857142857142856,0.1543033499620919,0.1543033499620919,1.714866336051486,0.0,0.0,0.9523809523809523,0.0,0.0,0.9093653898798139,0.0,0.0,0.8571428571428571,0.0,0.0,0.8430903828939238,Miami
120,0.0,0.0,1.5,0.0,0.0,1.2773327473170104,0.0,0.0,0.25,0.0,0.0,0.4442616583193193,0.0,0.0,0.2,0.0,0.0,0.41039134083406165,Miami
130,0.0,0.0,0.8,0.0,0.0,0.8366600265340756,0.0,0.0,0.0,0.0,0.0,0.0,0.0,0.0,0.0,0.0,0.0,0.0,Miami
0,4.416666666666667,4.416666666666667,4.25,0.7096098218674686,0.7096098218674686,0.8379305815963927,4.5625,4.625,4.395833333333333,0.649263084728748,0.5696210012862789,0.764632670350526,4.5625,4.541666666666667,4.25,0.649263084728748,0.6509676376351027,0.9109265799407514,Minneapolis
10,4.621212121212121,4.651515151515151,4.5606060606060606,0.519323569364004,0.5111803608369175,0.6355806038282665,4.696969696969697,4.742424242424242,4.621212121212121,0.49519838976055364,0.4742802177423435,0.601668232504145,4.7272727272727275,4.712121212121212,4.575757575757576,0.4818379729409382,0.4888023515980039,0.6339280731004128,Minneapolis
20,4.512820512820513,4.564102564102564,4.602564102564102,0.6188298497570907,0.5941214968172368,0.6102957254158621,4.551282051282051,4.589743589743589,4.602564102564102,0.5953812681625573,0.5683399713290652,0.6102957254158617,4.589743589743589,4.551282051282051,4.589743589743589,0.5450103641549368,0.5953812681625573,0.6331922306317422,Minneapolis
30,4.244186046511628,4.1976744186046515,4.290697674418604,0.7504672507120111,0.7486421817390938,0.8097389422417351,4.116279069767442,4.093023255813954,4.1976744186046515,0.7262895979066202,0.6966796373512458,0.7641953467823369,4.116279069767442,4.1395348837209305,4.244186046511628,0.7099064503599425,0.7221339406097558,0.765983358928868,Minneapolis
40,3.6944444444444446,3.6944444444444446,3.861111111111111,0.7437796298065581,0.7437796298065581,0.6981979935409895,3.625,3.5833333333333335,3.7916666666666665,0.6594385148970126,0.5992953608843181,0.6700325827688018,3.5694444444444446,3.6805555555555554,3.9027777777777777,0.6240799174376492,0.6884640772055604,0.6952499241021218,Minneapolis
50,3.136986301369863,3.164383561643836,3.315068493150685,0.7512040056756062,0.7640116823957206,0.7795424642550686,3.0684931506849313,3.041095890410959,3.1506849315068495,0.7135351568712818,0.6959876308843342,0.7201703671260393,3.0684931506849313,3.095890410958904,3.164383561643836,0.7135351568712819,0.7296190703534553,0.7073757965210609,Minneapolis
60,2.5671641791044775,2.611940298507463,2.8656716417910446,0.6792125698638521,0.673192841942288,0.6940334981885745,2.5522388059701493,2.5074626865671643,2.6865671641791047,0.6805430560945818,0.6599617603329484,0.6561816827096397,2.5223880597014925,2.5671641791044775,2.8656716417910446,0.6596190120572557,0.6792125698638528,0.7364024424280042,Minneapolis
70,2.246153846153846,2.230769230769231,2.5384615384615383,0.7506407519323329,0.7451767988460603,0.7088045189993127,2.1384615384615384,2.1384615384615384,2.2615384615384615,0.6818385777835146,0.6818385777835146,0.7761467942044508,2.169230769230769,2.230769230769231,2.3846153846153846,0.6747506662008284,0.7019889326324606,0.7642869980476021,Minneapolis
80,1.8,1.8222222222222222,1.9555555555555555,0.7261354744623948,0.7163318456772066,0.7056768367884819,1.7555555555555555,1.7555555555555555,1.9111111111111112,0.7433204238585487,0.7433204238585487,0.7013695116835289,1.7333333333333334,1.8,1.9111111111111112,0.7507571935295482,0.7261354744623948,0.7013695116835289,Minneapolis
90,1.4444444444444444,1.4444444444444444,1.6388888888888888,0.5577733510227171,0.5577733510227171,0.5929479754475105,1.3333333333333333,1.3611111111111112,1.5,0.534522483824849,0.48713610757321946,0.6969320524371697,1.3055555555555556,1.3611111111111112,1.4166666666666667,0.576662537832728,0.5929479754475108,0.691788572160186,Minneapolis
100,0.8695652173913043,0.9130434782608695,0.9565217391304348,0.45769658728016005,0.5146087196961899,0.5623215571155332,0.782608695652174,0.8695652173913043,0.7391304347826086,0.518434859512082,0.548083257285785,0.540823555863717,0.8260869565217391,0.8695652173913043,0.8260869565217391,0.49102619010353094,0.548083257285785,0.5762081310400607,Minneapolis
110,0.7647058823529411,0.8235294117647058,0.7647058823529411,0.4372373160976031,0.3929526239966879,0.4372373160976031,0.7647058823529411,0.7647058823529411,0.7058823529411765,0.4372373160976031,0.4372373160976031,0.46966821831386213,0.7647058823529411,0.7647058823529411,0.6470588235294118,0.4372373160976031,0.4372373160976031,0.492592183071889,Minneapolis
120,0.5714285714285714,0.5714285714285714,0.6190476190476191,0.50709255283711,0.50709255283711,0.49761335152811936,0.5714285714285714,0.5238095238095238,0.42857142857142855,0.50709255283711,0.511766315719159,0.50709255283711,0.5714285714285714,0.6190476190476191,0.5714285714285714,0.50709255283711,0.49761335152811925,0.6761234037828132,Minneapolis
130,0.4166666666666667,0.4166666666666667,0.5833333333333334,0.5149286505444373,0.5149286505444373,0.6685579234215214,0.4166666666666667,0.4166666666666667,0.5833333333333334,0.5149286505444373,0.5149286505444373,0.5149286505444373,0.4166666666666667,0.4166666666666667,0.5833333333333334,0.5149286505444373,0.5149286505444373,0.7929614610987591,Minneapolis
140,0.18181818181818182,0.18181818181818182,0.2727272727272727,0.40451991747794525,0.40451991747794525,0.4670993664969138,0.2727272727272727,0.18181818181818182,0.2727272727272727,0.4670993664969138,0.40451991747794525,0.4670993664969138,0.2727272727272727,0.2727272727272727,0.2727272727272727,0.4670993664969138,0.4670993664969138,0.4670993664969138,Minneapolis
150,0.0,0.0,0.4444444444444444,0.0,0.0,0.5270462766947299,0.0,0.0,0.4444444444444444,0.0,0.0,0.5270462766947299,0.0,0.0,0.3333333333333333,0.0,0.0,0.5,Minneapolis
160,0.0,0.0,0.08333333333333333,0.0,0.0,0.28867513459481287,0.0,0.0,0.08333333333333333,0.0,0.0,0.28867513459481287,0.0,0.0,0.25,0.0,0.0,0.4522670168666455,Minneapolis
170,0.0,0.0,0.2222222222222222,0.0,0.0,0.44095855184409843,0.0,0.0,0.3333333333333333,0.0,0.0,0.5,0.0,0.0,0.3333333333333333,0.0,0.0,0.5,Minneapolis
0,3.0228509249183895,3.0184983677910773,2.0489662676822635,1.3261736408490004,1.3295229572454377,1.495380147074295,3.0914036996735583,3.0380848748639826,2.063112078346028,1.3037243822808633,1.3134410847025049,1.5495939096454856,3.2165397170837866,3.0968443960826986,2.0968443960826986,1.2593478775064013,1.2877759656223915,1.564301109633251,New York
10,3.429655172413793,3.4186206896551723,2.8979310344827587,1.4473327667612086,1.4500891768059119,1.7427546540062213,3.4731034482758623,3.4675862068965517,2.926896551724138,1.4563942528707217,1.4486795948302942,1.7887484847820398,3.513793103448276,3.4910344827586206,2.950344827586207,1.4418147012715075,1.4437661260846384,1.8022347961861105,New York
20,3.867816091954023,3.8692528735632186,3.9669540229885056,1.11099092489269,1.1182604756310754,1.2887113314178644,3.7902298850574714,3.8333333333333335,3.8951149425287355,1.1002769848904859,1.0919368750476044,1.3223825189171043,3.6795977011494254,3.7658045977011496,3.8793103448275863,1.0951497301501492,1.1025321734161226,1.3062451371100923,New York
30,2.4511278195488724,2.488721804511278,3.2531328320802007,0.9468235609026688,0.9741627614158727,0.999288168708282,2.398496240601504,2.406015037593985,3.06265664160401,0.9237773363732659,0.9245745509561758,1.0017993660152176,2.2656641604010024,2.3508771929824563,2.979949874686717,0.9348630069171873,0.9653249420140931,1.0865088609941609,New York
40,1.5152439024390243,1.5304878048780488,2.408536585365854,0.8238118689212668,0.8417527983625179,1.0683894214395617,1.4725609756097562,1.475609756097561,2.1615853658536586,0.8197729393628357,0.785582777206429,1.0585836357091978,1.3780487804878048,1.4359756097560976,2.1097560975609757,0.764506899142466,0.8325479255472086,1.1653099763330352,New York
50,0.7872340425531915,0.8085106382978723,1.578723404255319,0.5896605648524709,0.6214917906348514,1.0567115921479306,0.8,0.7617021276595745,1.3914893617021276,0.6187939745230095,0.5723520192764351,1.0127034537033799,0.7446808510638298,0.774468085106383,1.348936170212766,0.5573167211049783,0.6237699297490527,1.0364865744356124,New York
60,0.39487179487179486,0.39487179487179486,1.1076923076923078,0.49008137234540733,0.49008137234540733,1.0172189232545379,0.38974358974358975,0.38974358974358975,1.0923076923076922,0.48894736070843914,0.48894736070843914,1.0262996827720687,0.40512820512820513,0.41025641025641024,1.123076923076923,0.49218046201577403,0.493146259119903,1.0865773224016293,New York
70,0.16551724137931034,0.1793103448275862,0.8,0.37293492699144565,0.38494165353771803,0.8866290718846924,0.19310344827586207,0.1724137931034483,0.9310344827586207,0.39610169366481873,0.37904902178945166,0.9328508605180943,0.1793103448275862,0.2,1.0206896551724138,0.38494165353771803,0.4013864859597432,1.1147306944158293,New York
80,0.013986013986013986,0.02097902097902098,0.6223776223776224,0.11784532629584617,0.14381773816293444,0.6900111838672711,0.027972027972027972,0.02097902097902098,0.8601398601398601,0.16547226243268315,0.14381773816293444,0.7836480113249196,0.02097902097902098,0.027972027972027972,1.062937062937063,0.14381773816293444,0.16547226243268315,1.022402467656542,New York
90,0.0,0.0,0.20634920634920634,0.0,0.0,0.4079346152039785,0.0,0.0,0.49206349206349204,0.0,0.0,0.5922351285736444,0.0,0.0,1.0952380952380953,0.0,0.0,0.945520606115944,New York
100,0.0,0.0,0.0975609756097561,0.0,0.0,0.30040622902833486,0.0,0.0,0.2682926829268293,0.0,0.0,0.501218028601448,0.0,0.0,1.0,0.0,0.0,0.9746794344808963,New York
110,0.0,0.0,0.0,0.0,0.0,0.0,0.0,0.0,0.3181818181818182,0.0,0.0,0.5679003631895497,0.0,0.0,0.8636363636363636,0.0,0.0,1.1252705302431796,New York
120,0.0,0.0,0.0,0.0,0.0,0.0,0.0,0.0,0.2222222222222222,0.0,0.0,0.42779263194649864,0.0,0.0,1.0,0.0,0.0,1.495090003192804,New York
130,0.0,0.0,0.0,0.0,0.0,0.0,0.0,0.0,0.5384615384615384,0.0,0.0,0.9674179220468453,0.0,0.0,1.6923076923076923,0.0,0.0,2.0568833780186058,New York
140,0.0,0.0,0.5714285714285714,0.0,0.0,1.511857892036909,0.0,0.0,1.4285714285714286,0.0,0.0,1.9880595947760098,0.0,0.0,2.5714285714285716,0.0,0.0,2.0701966780270626,New York
150,0.0,0.0,0.0,0.0,0.0,0.0,0.0,0.0,2.3333333333333335,0.0,0.0,0.5773502691896257,0.0,0.0,5.0,0.0,0.0,0.0,New York
0,4.408333333333333,4.408333333333333,4.35,0.6673141113818128,0.6797902955606046,0.717722822836343,4.475,4.483333333333333,4.366666666666666,0.6346109772427313,0.6608287810553866,0.7092821952460096,4.5,4.466666666666667,4.4,0.6482037235521646,0.6728009099471925,0.7264510254910339,Orlando
10,3.0902255639097747,3.0977443609022557,3.1503759398496243,1.0332256538461375,1.0214714702117709,1.1447921645533676,2.992481203007519,2.992481203007519,3.045112781954887,0.9885422432498527,0.9652777948522921,1.1668700795883036,3.007518796992481,2.9323308270676693,2.992481203007519,0.9573973605997618,1.001479880142567,1.1314795931521495,Orlando
20,1.5671641791044777,1.5522388059701493,1.5820895522388059,0.7632442834854252,0.7443439676034487,1.002258868927452,1.6119402985074627,1.5820895522388059,1.6417910447761195,0.7167947147185131,0.6995508024384084,1.0105727829382498,1.626865671641791,1.5970149253731343,1.671641791044776,0.7555014569009557,0.7397727229305229,1.0644113425296793,Orlando
30,0.59375,0.59375,0.53125,0.49899091723584604,0.49899091723584604,0.5070073486774163,0.5625,0.59375,0.59375,0.5040161287741853,0.49899091723584604,0.5599179087296003,0.65625,0.59375,0.65625,0.5453247035098122,0.5599179087296003,0.6530017536902796,Orlando
40,0.0,0.0,0.2727272727272727,0.0,0.0,0.4558423058385518,0.0,0.0,0.3181818181818182,0.0,0.0,0.4767312946227962,0.0,0.0,0.13636363636363635,0.0,0.0,0.35125008665710444,Orlando
50,0.0,0.0,0.4166666666666667,0.0,0.0,0.5149286505444373,0.0,0.0,0.4166666666666667,0.0,0.0,0.5149286505444373,0.0,0.0,0.4166666666666667,0.0,0.0,0.5149286505444373,Orlando
60,0.0,0.0,0.8,0.0,0.0,0.4472135954999579,0.0,0.0,0.0,0.0,0.0,0.0,0.0,0.0,0.6,0.0,0.0,0.5477225575051661,Orlando
0,3.778393351800554,3.7451523545706373,3.1357340720221605,1.204472531101437,1.2185533506540749,1.346135446452912,2.520775623268698,3.9833795013850417,3.520775623268698,1.3417382825870616,1.1545805840317445,1.358199566854636,2.5844875346260388,3.966759002770083,3.5678670360110805,1.3371540364540262,1.1709458522840523,1.3566577166143439,Philadelphia
10,3.9544159544159543,3.9515669515669516,3.792022792022792,0.9699346889215273,0.9887606068445164,1.1684148771704876,3.4415954415954415,3.886039886039886,3.8461538461538463,1.3250905161025337,0.8967267388222816,1.092431505132744,3.6267806267806266,3.8603988603988606,3.8547008547008548,1.2582394299840007,0.8753114452411361,1.1052985939034676,Philadelphia
20,2.45724907063197,2.483271375464684,2.925650557620818,1.0271652854108912,1.0775433661488103,1.6487365256964897,2.9776951672862455,2.2639405204460967,2.613382899628253,1.9003791560057266,0.7923614409885177,1.4033433181201438,2.933085501858736,2.1858736059479553,2.420074349442379,1.8616269756300525,0.7934111121733533,1.306601491327062,Philadelphia
30,1.294930875576037,1.3317972350230414,2.0599078341013826,0.7611042902060554,0.7761210502376217,1.3981157925021441,2.28110599078341,1.1658986175115207,1.5898617511520738,1.747819454404666,0.6872774042660988,1.0285230687840667,2.19815668202765,1.0829493087557605,1.3456221198156681,1.7326912040725617,0.6473125083988509,0.925658776958497,Philadelphia
40,0.5416666666666666,0.5486111111111112,0.8819444444444444,0.5000000000000001,0.49936828780839393,0.7337662951600978,1.8402777777777777,0.4791666666666667,0.6875,1.637255055910385,0.5013094740887994,0.5350478705463876,1.8194444444444444,0.4722222222222222,0.7569444444444444,1.5939254344536602,0.5664815274140199,0.7408795356888234,Philadelphia
50,0.0898876404494382,0.0898876404494382,0.24719101123595505,0.28764124744526687,0.28764124744526687,0.43382282926444893,1.0674157303370786,0.15730337078651685,0.23595505617977527,1.2594890090193933,0.36614938594707186,0.4269998911569044,0.9550561797752809,0.23595505617977527,0.3595505617977528,1.0965867743257478,0.4269998911569044,0.48258750999255784,Philadelphia
60,0.0,0.0,0.0,0.0,0.0,0.0,0.20689655172413793,0.0,0.0,0.4913036844405175,0.0,0.0,0.20689655172413793,0.0,0.034482758620689655,0.4913036844405175,0.0,0.18569533817705186,Philadelphia
70,0.0,0.0,0.0,0.0,0.0,0.0,0.0,0.0,0.0,0.0,0.0,0.0,0.0,0.0,0.0,0.0,0.0,0.0,Philadelphia
80,0.0,0.0,0.0,0.0,0.0,0.0,0.0,0.0,0.0,0.0,0.0,0.0,0.0,0.0,0.0,0.0,0.0,0.0,Philadelphia
0,4.0927152317880795,3.834437086092715,3.357615894039735,1.07920336901799,1.2297992441920975,1.3872965117374985,4.357615894039735,4.337748344370861,4.039735099337748,0.9475890168276345,1.005898717357058,1.1655087284214087,4.324503311258278,3.9403973509933774,3.3443708609271523,1.0363375825419838,1.1560379929135567,1.3268828514775723,Phoenix
10,3.612167300380228,3.7490494296577945,3.5285171102661597,1.1365561089086822,1.2160461245103729,1.3358476762038023,3.91254752851711,3.935361216730038,3.7680608365019013,1.0282063853254473,1.0149665144786897,1.140596654873765,3.946768060836502,3.832699619771863,3.5513307984790874,1.0360943118742303,1.153552070299813,1.261673785611694,Phoenix
20,2.6722972972972974,3.2128378378378377,3.3412162162162162,1.3817366103810256,1.3013568098318191,1.3955585263792065,2.8986486486486487,2.8682432432432434,3.114864864864865,1.1482624448424052,1.1377371035979018,1.2569732203161081,2.891891891891892,3.1621621621621623,3.35472972972973,1.0900793635242774,1.2490216051872203,1.3799451946601684,Phoenix
30,1.4939024390243902,1.548780487804878,1.8109756097560976,1.3723695473423119,1.0813810645343773,1.3501652793676988,1.353658536585366,1.3780487804878048,1.6951219512195121,1.0136727999034514,1.0524904021821864,1.3628643995422758,1.3231707317073171,1.7073170731707317,2.1463414634146343,0.977890402541875,1.3152041981749079,1.6513385626005308,Phoenix
40,0.453125,0.53125,0.640625,0.6154025008847771,0.6659222033784283,0.7425222459389926,0.484375,0.515625,0.75,0.6170124513163127,0.6422230117532357,0.8544932592822077,0.484375,0.65625,1.015625,0.6170124513163125,0.7811011763011547,1.2017472398850886,Phoenix
50,0.0,0.0,0.0,0.0,0.0,0.0,0.0,0.0,0.0,0.0,0.0,0.0,0.0,0.0,0.0,0.0,0.0,0.0,Phoenix
60,0.0,0.0,0.0,0.0,0.0,0.0,0.0,0.0,0.0,0.0,0.0,0.0,0.0,0.0,0.0,0.0,0.0,0.0,Phoenix
70,0.0,0.0,0.0,0.0,0.0,0.0,0.0,0.0,0.0,0.0,0.0,0.0,0.0,0.0,0.0,0.0,0.0,0.0,Phoenix
80,0.0,0.0,0.0,0.0,0.0,0.0,0.0,0.0,0.0,0.0,0.0,0.0,0.0,0.0,0.0,0.0,0.0,0.0,Phoenix
0,4.423076923076923,4.32051282051282,4.160256410256411,0.7873062406873905,0.8346309169785819,0.9401221257097216,4.42948717948718,4.455128205128205,4.371794871794871,0.7796788378282151,0.781586052620537,0.8959979026325445,4.42948717948718,4.423076923076923,4.17948717948718,0.8278396251665315,0.8578928539645118,1.0805445430485476,Portland
10,2.604878048780488,2.678048780487805,2.770731707317073,0.9726533397715366,1.0496292985027935,1.184508647705756,2.502439024390244,2.6926829268292685,2.7365853658536587,0.9580637655510144,0.9792930232787181,1.0379457694759515,2.765853658536585,2.9609756097560975,2.8634146341463413,0.9516780216599358,0.9489101201214304,1.098518632103667,Portland
20,0.868421052631579,0.8289473684210527,0.868421052631579,0.5964809080634607,0.597509450853833,0.6993731529144823,0.7894736842105263,0.9342105263157895,0.8157894736842105,0.5958923722437178,0.6394899283186974,0.7063620660971628,0.9605263157894737,1.0263157894736843,0.8947368421052632,0.6205543644985875,0.6727789971063071,0.7759544207992469,Portland
30,0.029411764705882353,0.058823529411764705,0.11764705882352941,0.17149858514250885,0.23883257361061283,0.3270349700838643,0.08823529411764706,0.08823529411764706,0.17647058823529413,0.2879022412812366,0.2879022412812366,0.3869529949759475,0.058823529411764705,0.17647058823529413,0.17647058823529413,0.23883257361061289,0.3869529949759475,0.3869529949759475,Portland
40,0.0,0.0,0.0,0.0,0.0,0.0,0.0,0.0,0.2857142857142857,0.0,0.0,0.4879500364742666,0.0,0.0,1.4285714285714286,0.0,0.0,2.439750182371333,Portland
50,0.0,0.0,0.1,0.0,0.0,0.31622776601683794,0.0,0.0,0.8,0.0,0.0,1.0327955589886444,0.0,0.0,2.5,0.0,0.0,2.3213980461973533,Portland
0,3.320388349514563,3.6407766990291264,2.5436893203883497,1.059167192573354,1.065081870479585,1.334142149503158,3.5825242718446604,3.650485436893204,3.29126213592233,1.0339745497366661,1.072917388630202,1.2881897007509737,3.7572815533980584,3.912621359223301,3.504854368932039,1.0428657670984307,1.0946106489855856,1.2900356159224333,Riverside
10,3.466666666666667,3.6083333333333334,2.658333333333333,1.43153753701674,1.4218926511817254,1.486611585318183,3.6166666666666667,3.7416666666666667,3.3916666666666666,1.4446850334721322,1.4522994420806565,1.5355497925062889,3.716666666666667,3.875,3.3666666666666667,1.4504901132470542,1.4293590265887568,1.4078610830375462,Riverside
20,3.652173913043478,3.7028985507246377,2.5869565217391304,1.41757567242519,1.3797779377552504,1.3053973350958725,3.6666666666666665,3.7318840579710146,3.181159420289855,1.2805868484406004,1.2645639453427364,1.3358368013350743,3.753623188405797,3.6884057971014492,2.920289855072464,1.2428575163234645,1.283248186096296,1.2325369611602959,Riverside
30,3.0,2.9044585987261144,1.9872611464968153,1.7171831436157146,1.6632661700526505,1.3586723400140261,2.9808917197452227,2.8980891719745223,2.4140127388535033,1.6111444315224719,1.5156648425936095,1.467793503551317,2.8980891719745223,2.662420382165605,1.8853503184713376,1.4814438269844075,1.4212406106736668,1.250477615759644,Riverside
40,1.101010101010101,1.0808080808080809,1.202020202020202,0.8977858193622511,0.8532861768046349,1.2695796988896018,1.2323232323232323,1.2424242424242424,0.8787878787878788,0.9015664692835376,0.8582244258471055,0.7460470969529908,1.303030303030303,0.9797979797979798,0.7474747474747475,0.8858818442261357,0.8327456183576332,0.7605507449081176,Riverside
50,1.2195121951219512,1.5121951219512195,2.2195121951219514,0.8518273041512353,1.075219773337344,2.1853168548513877,1.2195121951219512,1.170731707317073,0.8780487804878049,0.8219548382347786,0.8337397382993761,1.0534496179509372,1.2682926829268293,1.048780487804878,1.048780487804878,0.7753834613887003,0.7053800221226543,0.8930626941092972,Riverside
60,1.64,2.0,4.28,0.8602325267042625,1.0801234497346435,1.514375558880073,1.52,1.48,2.36,0.8225975119502044,0.7702813338860894,1.1860297916438134,1.32,1.28,2.24,0.8524474568362947,0.7371114795831993,1.16476034731041,Riverside
70,0.7142857142857143,0.8285714285714286,3.0,0.7503500583621178,0.8219673059804997,2.182820625326997,0.6571428571428571,0.6285714285714286,2.342857142857143,0.6835399701234028,0.6896595189663087,2.0996198135244715,0.5142857142857142,0.5428571428571428,2.2857142857142856,0.5621088742891557,0.5606119105813882,2.149848538733787,Riverside
80,0.8484848484848485,1.0303030303030303,3.515151515151515,0.7550336135403228,0.8833476270999036,2.2929404173627708,0.6363636363636364,0.6666666666666666,3.8484848484848486,0.5487589303477107,0.5951190357119042,1.6978149950968617,0.6363636363636364,1.0303030303030303,3.272727272727273,0.5487589303477107,0.8833476270999036,2.3488391717070485,Riverside
90,1.6,1.6,4.65,0.6805570473787205,0.6805570473787205,1.0894228312566054,0.9,1.05,4.4,0.447213595499958,0.6863327411532597,1.313893370663573,0.85,1.75,4.75,0.4893604849295929,0.5501196042201809,0.786397515657049,Riverside
100,0.8148148148148148,0.8518518518518519,4.37037037037037,0.3958473906635696,0.36201399289824565,1.3908533116302864,0.7777777777777778,0.8148148148148148,4.111111111111111,0.42365927286816163,0.3958473906635696,1.4500221041639683,0.8148148148148148,1.6296296296296295,4.518518518518518,0.3958473906635696,0.6292943635623919,1.2821367492879394,Riverside
110,0.1,0.4,2.6,0.31622776601683794,0.5163977794943222,1.429840705968481,0.1,0.2,2.9,0.31622776601683794,0.4216370213557839,1.66332999331662,0.3,0.8,3.8,0.48304589153964794,0.6324555320336759,1.8737959096740262,Riverside
120,0.0,0.0,0.0,0.0,0.0,0.0,0.0,0.0,1.0,0.0,0.0,1.7320508075688772,0.0,0.0,0.0,0.0,0.0,0.0,Riverside
0,3.3496503496503496,3.1818181818181817,2.7762237762237763,1.176403813841875,1.2312615975652481,1.2914648328004477,3.972027972027972,3.7902097902097904,3.4825174825174825,1.0066263271901537,1.0802526233830736,1.179956712342478,4.090909090909091,3.972027972027972,3.7132867132867133,0.9634817357156384,0.9925359179938184,1.117229833885413,San Antonio
10,3.3696969696969696,3.303030303030303,3.193939393939394,1.457630228563633,1.52389201022652,1.6560935879092902,3.3636363636363638,3.418181818181818,3.4242424242424243,1.2691984655723032,1.3116398564705332,1.4573259639704428,3.2545454545454544,3.412121212121212,3.393939393939394,1.237890344716865,1.2590544205865448,1.3998996902085412,San Antonio
20,2.1733333333333333,2.2,2.4266666666666667,1.4738562522350183,1.5156837721956706,1.6289055630494156,1.9066666666666667,2.026666666666667,2.1733333333333333,1.1291390326062398,1.2517375311329635,1.492081199635699,1.6133333333333333,1.9066666666666667,1.9733333333333334,0.9137586962403994,1.1171069456090266,1.4139587261583273,San Antonio
30,0.2857142857142857,0.3333333333333333,0.2857142857142857,0.4629100498862757,0.5773502691896258,0.560611910581388,0.3333333333333333,0.3333333333333333,0.2857142857142857,0.48304589153964794,0.48304589153964794,0.560611910581388,0.23809523809523808,0.3333333333333333,0.19047619047619047,0.4364357804719847,0.48304589153964794,0.40237390808147827,San Antonio
40,0.3611111111111111,0.3333333333333333,0.8611111111111112,0.4871361075732195,0.47809144373375745,1.1988751341576767,0.3888888888888889,0.3888888888888889,0.8055555555555556,0.49441323247304425,0.49441323247304425,0.9803627446568495,0.3888888888888889,0.3888888888888889,0.7222222222222222,0.4944132324730442,0.49441323247304425,0.7786842789919457,San Antonio
50,0.0,0.0,0.14285714285714285,0.0,0.0,0.36313651960128146,0.14285714285714285,0.07142857142857142,0.2857142857142857,0.36313651960128146,0.2672612419124244,0.4688072309384954,0.21428571428571427,0.21428571428571427,0.7142857142857143,0.42581531362632,0.42581531362632,0.9944903161976938,San Antonio
0,4.179640718562874,4.161676646706587,3.784431137724551,0.9461742193020103,0.9651603604162415,1.1979890805415931,4.455089820359281,4.419161676646707,4.25748502994012,0.8338225724008376,0.8595974213056035,1.0526162005870907,4.467065868263473,4.3053892215568865,3.904191616766467,0.8487015677238514,1.0162094393885566,1.2998310035387768,San Diego
10,2.7591623036649215,2.738219895287958,2.2722513089005236,1.4813249154381438,1.5164206380129388,1.7589514399466468,2.994764397905759,2.9424083769633507,2.5654450261780104,1.043765360801953,1.1479191520829908,1.6398522673716922,3.0157068062827226,3.026178010471204,2.4712041884816753,1.0335245765956014,1.2791220466596451,1.5654016182784152,San Diego
20,2.4395604395604398,2.4835164835164836,2.4945054945054945,1.2841667528340113,1.3111711250518445,1.7849595474633553,2.032967032967033,2.120879120879121,2.120879120879121,1.0049936368018508,1.0523536038082006,1.4593390043681862,1.9230769230769231,2.0,2.021978021978022,0.9687422456265332,1.1155467020454342,1.3079077607471832,San Diego
30,1.7380952380952381,1.8333333333333333,2.619047619047619,1.2308934650959016,1.2280594779166083,1.6813522570571777,1.0714285714285714,1.119047619047619,1.7380952380952381,0.83790846298059,0.8611501371147363,1.3445377083760293,1.0,0.9523809523809523,1.9285714285714286,0.7963330593811955,0.9093653898798139,1.48804761828569,San Diego
40,0.9104477611940298,0.9402985074626866,1.9104477611940298,0.7732525418269773,0.7761715878500175,1.2520449125885427,0.7014925373134329,0.746268656716418,1.8059701492537314,0.6033975867292951,0.6592760855916258,1.233850906593456,0.7910447761194029,1.0597014925373134,3.08955223880597,0.6404854558667535,0.8506788201182268,1.7471304896851114,San Diego
50,0.45614035087719296,0.5087719298245614,1.7543859649122806,0.599707531057446,0.6302722489285274,1.1383054723451556,0.3508771929824561,0.40350877192982454,1.894736842105263,0.48148683672021303,0.5298129428260175,1.2490597967831043,0.3684210526315789,0.7192982456140351,3.2982456140350878,0.48666426339228763,0.7259079527665503,1.6142768425244713,San Diego
60,0.0,0.0,0.0,0.0,0.0,0.0,0.0,0.0,0.125,0.0,0.0,0.3535533905932738,0.0,0.0,0.375,0.0,0.0,0.7440238091428449,San Diego
70,0.0,0.0,0.0,0.0,0.0,0.0,0.0,0.0,0.0,0.0,0.0,0.0,0.0,0.0,0.0,0.0,0.0,0.0,San Diego
0,4.449612403100775,4.3023255813953485,4.093023255813954,0.7901862943920005,0.8441401983193348,1.0265374176168363,4.534883720930233,4.511627906976744,4.3565891472868215,0.7608230702246394,0.7717297846170746,1.0216289811833834,4.496124031007752,4.48062015503876,4.209302325581396,0.7818650679600185,0.8013735785531623,1.1016636468077152,Seattle
10,3.7564102564102564,3.871794871794872,3.980769230769231,0.8678619993746949,0.9208547832554813,0.9399461470239728,3.698717948717949,3.6858974358974357,3.769230769230769,0.8145441772599097,0.9144325734291299,1.0585818501650022,3.769230769230769,3.769230769230769,3.8076923076923075,0.9076460433177528,0.8787539113566243,1.0103680876079648,Seattle
20,2.2892561983471076,2.3884297520661155,2.3884297520661155,0.9259051114893438,0.9342724515761474,1.0517596432205594,2.190082644628099,2.206611570247934,2.28099173553719,0.9514379432099682,1.0871779628308393,1.3368067704787387,2.330578512396694,2.4545454545454546,2.520661157024793,1.1502784427553914,1.0954451150103321,1.3484507997063337,Seattle
30,1.322314049586777,1.2975206611570247,1.2892561983471074,0.7875582098386744,0.7815009927395439,0.8891758030982554,1.2892561983471074,1.3553719008264462,1.603305785123967,0.8209548965374165,0.9206836602242146,1.1653278425903388,1.4297520661157024,1.4297520661157024,1.6115702479338843,0.9203843968780268,0.9293944828129743,1.1716932251123182,Seattle
40,0.9134615384615384,0.9134615384615384,1.0576923076923077,0.6552339969349557,0.6402453553218506,0.7217417319978418,0.9903846153846154,1.0769230769230769,1.7596153846153846,0.6896628176805771,0.7464128805159711,1.1946091882999748,1.1153846153846154,1.0576923076923077,1.4615384615384615,0.7796899098290109,0.6943170574391311,1.0513336599413934,Seattle
50,0.17647058823529413,0.19117647058823528,0.2647058823529412,0.3840544298562199,0.3961513709326713,0.4444566382094698,0.22058823529411764,0.3235294117647059,0.6029411764705882,0.41772619166483865,0.5019715301015434,0.7358557995165746,0.36764705882352944,0.2647058823529412,0.4411764705882353,0.5437408229373015,0.4444566382094698,0.6552281804023141,Seattle
60,0.0,0.0,0.0,0.0,0.0,0.0,0.0,0.0,0.05555555555555555,0.0,0.0,0.23570226039551584,0.0,0.0,0.1111111111111111,0.0,0.0,0.32338083338177726,Seattle
70,0.0,0.0,0.0,0.0,0.0,0.0,0.0,0.0,0.0,0.0,0.0,0.0,0.0,0.0,0.0,0.0,0.0,0.0,Seattle
0,3.9813953488372094,3.8465116279069766,3.558139534883721,1.4074660424770202,1.449999812634423,1.62202028147713,3.972093023255814,3.9953488372093022,3.9069767441860463,1.346217543173922,1.3654538611402605,1.5103065463483305,4.079069767441861,3.9767441860465116,3.8883720930232557,1.2598320128958622,1.4090556938148735,1.5547950104278079,San Francisco
10,3.6929460580912865,3.7136929460580914,3.5186721991701244,1.1713204946746276,1.2702440928124938,1.3449999614370116,3.7468879668049793,3.7178423236514524,3.6431535269709543,1.1466621232500291,1.1561669393739145,1.2167429256686024,3.7178423236514524,3.7136929460580914,3.6473029045643153,1.1120800293599578,1.146089025915979,1.1989939304961175,San Francisco
20,2.3012048192771086,2.5180722891566263,2.710843373493976,1.0471889037891198,1.2295497651765204,1.3841537879342725,2.391566265060241,2.3373493975903616,2.3674698795180724,1.0718101165250118,1.081829073305076,1.124343141166103,2.4156626506024095,2.3493975903614457,2.4578313253012047,1.0395782277280847,1.0947116397925032,1.1313837579442492,San Francisco
30,1.5172413793103448,1.7701149425287357,2.2413793103448274,0.9232021298789964,1.0665827818985656,1.5126863692860455,1.5057471264367817,1.4827586206896552,1.6091954022988506,0.9233460541342756,0.9294422339525648,1.0573860434270115,1.5057471264367817,1.5114942528735633,1.6379310344827587,0.9170644699494782,0.9232920851676647,1.0205678323455902,San Francisco
40,0.8666666666666667,1.0476190476190477,1.561904761904762,0.6055300708194983,0.7387743537695024,1.1344586096444145,0.8476190476190476,0.9142857142857143,1.0571428571428572,0.69033091815214,0.7352954104707445,0.7699721701835353,0.7619047619047619,0.9047619047619048,1.019047619047619,0.6433656922150993,0.70060152072522,0.6647867266585519,San Francisco
50,0.0,0.0625,0.3333333333333333,0.0,0.24462302739504083,0.5191373094849674,0.041666666666666664,0.08333333333333333,0.10416666666666667,0.20194093652345882,0.2793101938654641,0.3087092781885837,0.0,0.0625,0.020833333333333332,0.0,0.24462302739504085,0.14433756729740643,San Francisco
60,0.0,0.0,0.0,0.0,0.0,0.0,0.0,0.0,0.0,0.0,0.0,0.0,0.0,0.0,0.0,0.0,0.0,0.0,San Francisco
0,4.36697247706422,4.36697247706422,4.110091743119266,0.9875198118848572,0.9875198118848572,1.141307320099488,4.577981651376147,4.513761467889908,4.293577981651376,0.8638155879761499,0.9089542108326573,1.0479499589902859,4.486238532110092,4.513761467889908,4.385321100917431,0.8987097634230412,0.898709763423042,1.0175156462600279,Tampa
10,3.2937062937062938,3.300699300699301,3.1818181818181817,1.2717525217232335,1.2617613724693932,1.377057301560022,3.3146853146853146,3.3076923076923075,3.1888111888111887,1.22428237341442,1.1940625955633601,1.299788980441342,3.335664335664336,3.4685314685314683,3.3986013986013988,1.283393696218641,1.3205003096041783,1.4149098420481747,Tampa
20,2.7904761904761903,2.823809523809524,2.7666666666666666,1.5966186644648355,1.5841332775550128,1.76836456581768,2.676190476190476,2.7333333333333334,2.6809523809523808,1.4803028145873973,1.542176841315015,1.7521330944014206,2.6333333333333333,2.4952380952380953,2.380952380952381,1.5040084665003142,1.3773548570973133,1.5766292697336641,Tampa
30,1.9770114942528736,1.9885057471264367,1.8850574712643677,1.1171496708813708,1.1276273404994772,1.2252194552164797,1.8563218390804597,1.8793103448275863,1.9137931034482758,1.0518578278648347,1.0924478459830214,1.1917512652956008,1.8160919540229885,1.5977011494252873,1.3735632183908046,1.0701275990276975,0.9551777985982964,1.0333132937460725,Tampa
40,0.5714285714285714,0.5535714285714286,0.7142857142857143,0.49935022714588745,0.5016207497934836,0.7061878636037997,0.42857142857142855,0.5,0.6607142857142857,0.49935022714588745,0.504524979109513,0.6113111308501578,0.5178571428571429,0.5178571428571429,1.0535714285714286,0.5042031130613726,0.5042031130613726,0.9029173496282703,Tampa
50,0.0,0.0,0.7,0.0,0.0,0.466091599699399,0.0,0.0,0.5666666666666667,0.0,0.0,0.5040069329937309,0.0,0.0,1.1,0.0,0.0,0.844862771962569,Tampa
60,0.0,0.0,0.45,0.0,0.0,0.6048053188292994,0.0,0.0,0.4,0.0,0.0,0.5026246899500346,0.0,0.0,0.45,0.0,0.0,0.6048053188292994,Tampa
0,3.8636363636363638,3.824242424242424,3.221212121212121,1.1912339855797067,1.2126562326645767,1.4657710764252538,4.236363636363636,4.203030303030303,3.590909090909091,0.9886339418683194,1.000603115537631,1.4437505270702358,4.193939393939394,4.081818181818182,3.33030303030303,1.0396221531112897,1.1092193222422657,1.5719781835042363,Washington
10,3.5155807365439093,3.4787535410764874,3.2067988668555243,1.2592434438945888,1.2925602803312441,1.5261952122542515,3.58356940509915,3.5892351274787537,3.3257790368271953,1.0081834228260718,1.0518369935666283,1.4097221385275724,3.6203966005665724,3.5665722379603397,3.1643059490084986,1.0212697428768198,1.1239711866554338,1.5940855305963206,Washington
20,2.557077625570776,2.5525114155251143,2.643835616438356,1.184836398880355,1.2454432885365876,1.7056559690572701,2.26027397260274,2.319634703196347,2.310502283105023,0.9141205819563217,0.9712036672057173,1.5278542919336533,2.365296803652968,2.3881278538812785,2.406392694063927,0.950075457427593,1.066609849351844,1.7145238328831593,Washington
30,1.7011494252873562,1.7873563218390804,2.293103448275862,1.0099498359743613,1.072871421081611,1.4346088148566285,1.4942528735632183,1.5574712643678161,1.9942528735632183,0.802792283306338,0.842941750043963,1.301387105404492,1.5574712643678161,1.6436781609195403,2.3620689655172415,0.8150509305563085,0.9493169006721628,1.4105089787134624,Washington
40,0.8589743589743589,0.9615384615384616,1.3974358974358974,0.574893755839138,0.6730876265739499,1.1320564392077725,0.7692307692307693,0.7948717948717948,1.2435897435897436,0.45364546266242517,0.4659573125472087,0.9694810157467962,0.782051282051282,0.8333333333333334,1.6025641025641026,0.4456845281527043,0.5201564866102995,1.0851984508170283,Washington
50,0.36538461538461536,0.38461538461538464,0.5961538461538461,0.48623588860399414,0.4912507507890747,0.7210997968684644,0.36538461538461536,0.38461538461538464,0.5,0.48623588860399414,0.4912507507890747,0.7001400420140049,0.40384615384615385,0.4230769230769231,0.9230769230769231,0.49545445110743724,0.49886749571458655,0.9255873354446057,Washington
60,0.35185185185185186,0.35185185185185186,0.8148148148148148,0.4820321529793836,0.4820321529793836,0.8917668295395083,0.2962962962962963,0.2962962962962963,0.8703703703703703,0.46091089588801,0.46091089588801,0.9325618254844038,0.2962962962962963,0.35185185185185186,1.1111111111111112,0.46091089588801,0.4820321529793836,1.0400774039893896,Washington
70,0.0,0.0,0.5333333333333333,0.0,0.0,0.8420753583206845,0.0,0.0,0.5333333333333333,0.0,0.0,0.7862453931068965,0.0,0.022222222222222223,0.8888888888888888,0.0,0.14907119849998599,1.0492902844351992,Washington
80,0.0,0.0,0.39473684210526316,0.0,0.0,0.5472028965176681,0.0,0.0,0.34210526315789475,0.0,0.0,0.4807829082199318,0.0,0.0,0.631578947368421,0.0,0.0,0.7136148037936548,Washington
90,0.0,0.0,0.0,0.0,0.0,0.0,0.0,0.0,0.23076923076923078,0.0,0.0,0.4385290096535146,0.0,0.0,1.0,0.0,0.0,1.5811388300841895,Washington
100,0.0,0.0,0.0,0.0,0.0,0.0,0.0,0.0,0.3333333333333333,0.0,0.0,0.5773502691896258,0.0,0.0,0.3333333333333333,0.0,0.0,0.5773502691896258,Washington
0,3.6666666666666665,3.673758865248227,3.5319148936170213,1.1567606658662108,1.1495120325021728,1.204474938892235,4.163120567375887,4.1063829787234045,4.099290780141844,1.1748806229642312,1.1753548258144644,1.1910677355034196,4.141843971631205,4.156028368794326,4.148936170212766,1.1685250794037512,1.1481891826652362,1.1828305651684259,St. Louis
10,3.225165562913907,3.2649006622516556,3.2847682119205297,1.5369761890606886,1.5262240410239776,1.4439643737235286,3.218543046357616,3.218543046357616,3.3112582781456954,1.3210805664813396,1.3851307506759032,1.3225502156242244,3.225165562913907,3.23841059602649,3.3112582781456954,1.347452833709903,1.330206045550955,1.297101540428125,St. Louis
20,2.46875,2.53125,2.6171875,1.621399706387668,1.6116578249994287,1.6795251191882343,2.1953125,2.1875,2.25,1.2489907342853708,1.2533419891363584,1.3457427770741495,2.1953125,2.1640625,2.1875,1.2552792063229488,1.2281305411006813,1.3732540812440877,St. Louis
30,2.08974358974359,2.1923076923076925,2.41025641025641,1.301207206074495,1.377534898869135,1.6070938313460676,1.8717948717948718,1.8333333333333333,1.8461538461538463,1.1882429936344718,1.1556374152379436,1.2387354578220224,1.8333333333333333,1.7564102564102564,1.8461538461538463,1.1556374152379436,1.1187411459232879,1.1960641414946904,St. Louis
40,1.1538461538461537,1.3653846153846154,1.4807692307692308,1.0734700080673942,1.252900104836714,1.4618063579196456,1.0192307692307692,0.9615384615384616,1.3269230769230769,1.0382939365336454,0.9693648306815615,1.3243000940364147,0.9615384615384616,0.9615384615384616,1.1730769230769231,0.9280284491400428,0.9280284491400428,1.2000188535472176,St. Louis
50,0.5384615384615384,0.6153846153846154,0.8461538461538461,0.7605665904189708,0.8521466107154602,1.189699380257305,0.5,0.5,0.5769230769230769,0.7071067811865476,0.7071067811865476,0.8566482089201809,0.46153846153846156,0.34615384615384615,0.5384615384615384,0.646886032050112,0.485164524037584,0.7605665904189708,St. Louis
60,0.15,0.15,0.45,0.36634754853252327,0.36634754853252327,0.6863327411532597,0.15,0.15,0.45,0.36634754853252327,0.36634754853252327,0.6863327411532597,0.15,0.15,0.5,0.36634754853252327,0.36634754853252327,0.6882472016116853,St. Louis
70,0.0,0.0,0.07142857142857142,0.0,0.0,0.2672612419124244,0.0,0.0,0.14285714285714285,0.0,0.0,0.36313651960128146,0.0,0.0,0.14285714285714285,0.0,0.0,0.36313651960128146,St. Louis
80,0.0,0.0,0.0,0.0,0.0,0.0,0.0,0.0,0.0,0.0,0.0,0.0,0.0,0.0,1.0,0.0,0.0,1.0,St. Louis
